{"driver_id": "101", "total_kwh": 0.9999999999999999, "total_importe": 0.19999999999999998}